state,district,incumbent,party,category,notes
NY,1,Nick LaLota,R,Safe Republican,
NY,2,Andrew Garbarino,R,Safe Republican,
NY,3,Tom Suozzi,D,Likely Democrat,
NY,4,Laura Gillen,D,Safe Democrat,
NY,5,Gregory Meeks,D,Safe Democrat,
NY,6,Grace Meng,D,Safe Democrat,
NY,7,Velazquez,D,Safe Democrat,
NY,8,Hakeem Jeffries,D,Safe Democrat,
NY,9,Yvette Clarke,D,Safe Democrat,
NY,10,Dan Goldman,D,Safe Democrat,
NY,11,Nicole Malliotakis,R,Likely Republican,
NY,12,Nadler,D,Safe Democrat,
NY,13,Adriano Espaillat,D,Safe Democrat,
NY,14,Alexandria Ocasio-Cortez,D,Safe Democrat,
NY,15,Ritchie Torres,D,Safe Democrat,
NY,16,George Latimer,D,Safe Democrat,
NY,17,Michael Lawler,R,Tossup,
NY,18,Pat Ryan,D,Safe Democrat,
NY,19,Josh Riley,D,Safe Democrat,
NY,20,Paul Tonko,D,Safe Democrat,
NY,21,Stefanik,R,Likely Republican,
NY,22,John Mannion,D,Safe Democrat,
NY,23,Nick Langworthy,R,Safe Republican,
NY,24,Claudia Tenney,R,Safe Republican,
NY,25,Joseph Morelle,D,Safe Democrat,
NY,26,Tim Kennedy,D,Safe Democrat,
MA,1,Richard Neal,D,Safe Democrat,
MA,2,Jim McGovern,D,Safe Democrat,
MA,3,Lori Trahan,D,Safe Democrat,
MA,4,Jake Auchincloss,D,Safe Democrat,
MA,5,Katherine Clark,D,Safe Democrat,
MA,6,Seth Moulton,D,Safe Democrat,
MA,7,Ayanna Pressley,D,Safe Democrat,
MA,8,Stephen Lynch,D,Safe Democrat,
MA,9,Bill Keating,D,Safe Democrat,
CO,1,DeGette,D,Safe Democrat,
CO,2,Joe Neguse,D,Safe Democrat,
CO,3,Jeff Hurd,R,Likely Republican,
CO,4,Lauren Boebert,R,Likely Republican,
CO,5,Jeff Crank,R,Tossup,
CO,6,Jason Crow,D,Safe Democrat,
CO,7,Brittany Pettersen,D,Safe Democrat,
CO,8,Gabe Evans,R,Tossup,
AL,1,Moore,R,Safe Republican,
AL,2,Shomari Figures,D,Likely Republican,
AL,3,Mike Rogers,R,Safe Republican,
AL,4,Robert Aderholt,R,Safe Republican,
AL,5,Dale Strong,R,Safe Republican,
AL,6,Gary Palmer,R,Safe Republican,
AL,7,Terri Sewell,D,Safe Democrat,
TX,1,Nathaniel Moran,R,Safe Republican,
TX,2,Crenshaw,R,Likely Republican,
TX,3,Keith Self,R,Safe Republican,
TX,4,Pat Fallon,R,Safe Republican,
TX,5,Lance Gooden,R,Safe Republican,
TX,6,Jake Ellzey,R,Safe Republican,
TX,7,Lizzie Fletcher,D,Safe Democrat,
TX,8,Luttrell,R,Safe Republican,
TX,9,Green,D,Likely Republican,
TX,10,McCaul,R,Safe Republican,
TX,11,August Pfluger,R,Safe Republican,
TX,12,Craig Goldman,R,Safe Republican,
TX,13,Ronny Jackson,R,Safe Republican,
TX,14,Randy Weber,R,Safe Republican,
TX,15,Monica de la Cruz,R,Likely Republican,
TX,16,Veronica Escobar,D,Safe Democrat,
TX,17,Pete Sessions,R,Safe Republican,
TX,18,Sylvester Turner,D,Safe Democrat,
TX,19,Arrington,R,Safe Republican,
TX,20,Joaquin Castro,D,Safe Democrat,
TX,21,Roy,R,Safe Republican,
TX,22,Nehls,R,Safe Republican,
TX,23,Gonzales,R,Tossup,
TX,24,Beth Van Duyne,R,Safe Republican,
TX,25,Johnson,D,Likely Republican,
TX,26,Brandon Gill,R,Safe Republican,
TX,27,Michael Cloud,R,Safe Republican,
TX,28,Henry Cuellar,D,Tossup,
TX,29,Silvia Garcia,D,Safe Democrat,
TX,30,Crockett,D,Safe Democrat,
TX,31,John Carter,R,Safe Republican,
TX,32,Johnson,D,Likely Republican,
TX,33,Veasey,D,Safe Democrat,
TX,34,Vicente Gonzalez,D,Tossup,
TX,35,Casar,D,Tossup,
TX,36,Brian Babin,R,Safe Republican,
TX,37,Lloyd Doggett,D,Safe Democrat,
TX,38,Hunt,R,Safe Republican,
CA,1,LaMalfa,R,Likely Democrat,
CA,2,Jared Huffman,D,Safe Democrat,
CA,3,Kevin Kiley,R,Likely Democrat,
CA,4,Mike Thompson,D,Safe Democrat,
CA,5,Tom McClintock,R,Safe Republican,
CA,6,Ami Bera,D,Likely Democrat,
CA,7,Doris Matsui,D,Safe Democrat,
CA,8,John Garamendi,D,Safe Democrat,
CA,9,Josh Harder,D,Safe Democrat,
CA,10,Mark DeSaulnier,D,Safe Democrat,
CA,11,Pelosi,D,Safe Democrat,
CA,12,Lateefah Simon,D,Safe Democrat,
CA,13,Adam Gray,D,Likely Democrat,
CA,14,Swalwell,D,Safe Democrat,
CA,15,Kevin Mullin,D,Safe Democrat,
CA,16,Sam Liccardo,D,Safe Democrat,
CA,17,Ro Khanna,D,Safe Democrat,
CA,18,Zoe Lofgren,D,Safe Democrat,
CA,19,Jimmy Panetta,D,Safe Democrat,
CA,20,Vince Fong,R,Safe Republican,
CA,21,Jim Costa,D,Safe Democrat,
CA,22,Valadao,R,Lean/Tilt Democrat,
CA,23,Jay Obernolte,R,Safe Republican,
CA,24,Salud Carbajal,D,Safe Democrat,
CA,25,Raul Ruiz,D,Safe Democrat,
CA,26,Brownley,D,Safe Democrat,
CA,27,George Whitesides,D,Safe Democrat,
CA,28,Judy Chu,D,Safe Democrat,
CA,29,Luz Rivas,D,Safe Democrat,
CA,30,Laura Friedman,D,Safe Democrat,
CA,31,Gil Cisneros,D,Safe Democrat,
CA,32,Brad Sherman,D,Safe Democrat,
CA,33,Pete Aguilar,D,Safe Democrat,
CA,34,Jimmy Gomez,D,Safe Democrat,
CA,35,Norma Torres,D,Safe Democrat,
CA,36,Ted Lieu,D,Safe Democrat,
CA,37,Sydney Kamlager,D,Safe Democrat,
CA,38,Sanchez,D,Safe Democrat,
CA,39,Mark Takano,D,Safe Democrat,
CA,40,Kim,R,Tossup,
CA,41,Calvert,R,Safe Democrat,
CA,42,Robert Garcia,D,Safe Democrat,
CA,43,Maxine Waters,D,Safe Democrat,
CA,44,Nanette Barragan,D,Safe Democrat,
CA,45,Derek Tran,D,Likely Democrat,
CA,46,Lou Correa,D,Safe Democrat,
CA,47,David Min,D,Safe Democrat,
CA,48,Issa,R,Likely Democrat,
CA,49,Mike Levin,D,Safe Democrat,
CA,50,Scott Peters,D,Safe Democrat,
CA,51,Sara Jacobs,D,Safe Democrat,
CA,52,Juan Vargas,D,Safe Democrat,
FL,1,Jimmy Patronis,R,Safe Republican,
FL,2,Dunn,R,Safe Republican,
FL,3,Kat Cammack,R,Safe Republican,
FL,4,Aaron Bean,R,Safe Republican,
FL,5,John Rutherford,R,Safe Republican,
FL,6,Randy Fine,R,Safe Republican,
FL,7,Cory Mills,R,Tilt Republican,
FL,8,Mike Haridopolos,R,Safe Republican,
FL,10,Maxwell Frost,D,Safe Democrat,
FL,11,Webster,R,Safe Republican,
FL,12,Gus Bilirakis,R,Safe Republican,
FL,13,Anna Paulina Luna,R,Safe Republican,
FL,15,Laurel Lee,R,Safe Republican,
FL,16,Buchanan,R,Tilt Republican,
FL,17,Greg Steube,R,Safe Republican,
FL,18,Scott Franklin,R,Safe Republican,
FL,19,Donalds,R,Safe Republican,
FL,20,Sheila Cherfilus-McCormick,D,Safe Democrat,
FL,21,Brian Mast,R,Safe Republican,
FL,22,Frankel,D,Lean/Tilt Democrat,
FL,23,Jared Moskowitz,D,Safe Democrat,
FL,24,Wilson,D,Safe Democrat,
FL,26,Mario Diaz-Balart,R,Safe Republican,
FL,27,Maria Elvira Salazar,R,Safe Republican,
PA,1,Brian Fitzpatrick,R,Tossup,
PA,2,Brendan Boyle,D,Safe Democrat,
PA,3,Evans,D,Safe Democrat,
PA,4,Madeleine Dean,D,Safe Democrat,
PA,5,Mary Gay Scanlon,D,Safe Democrat,
PA,6,Chrissy Houlahan,D,Safe Democrat,
PA,7,Ryan Mackenzie,R,Tossup,
PA,8,Rob Bresnahan,R,Tossup,
PA,9,Dan Meuser,R,Safe Republican,
PA,10,Scott Perry,R,Tossup,
PA,11,Lloyd Smucker,R,Safe Republican,
PA,12,Summer Lee,D,Safe Democrat,
PA,13,John Joyce,R,Safe Republican,
PA,14,Glenn Thompson,R,Safe Republican,
PA,15,Chris Deluzio,D,Safe Democrat,
PA,16,Mike Kelly,R,Safe Republican,
OH,1,Greg Landsman,D,Lean/Tilt Democrat,
OH,2,David Taylor,R,Safe Republican,
OH,3,Joyce Beatty,D,Safe Democrat,
OH,4,Jim Jordan,R,Safe Republican,
OH,5,Bob Latta,R,Safe Republican,
OH,6,Michael Rulli,R,Safe Republican,
OH,7,Max Miller,R,Tossup,
OH,8,Warren Davidson,R,Safe Republican,
OH,9,Marcy Kaptur,D,Lean/Tilt Democrat,
OH,10,Mike Turner,R,Safe Republican,
OH,11,Shontel Brown,D,Safe Democrat,
OH,12,Troy Balderson,R,Safe Republican,
OH,13,Emilia Sykes,D,Safe Democrat,
OH,14,David Joyce,R,Safe Republican,
AZ,1,Schweikert,R,Tossup,
AZ,2,Eli Crane,R,Safe Republican,
AZ,3,Yassamin Ansari,D,Safe Democrat,
AZ,4,Greg Stanton,D,Safe Democrat,
AZ,5,Biggs,R,Safe Republican,
AZ,6,Juan Ciscomani,R,Tossup,
AZ,7,Raul Grijalva,D,Safe Democrat,
AZ,8,Abraham Hamadeh,R,Safe Republican,
AZ,9,Paul Gosar,R,Safe Republican,
MI,1,Jack Bergman,R,Safe Republican,
MI,2,John Moolenaar,R,Safe Republican,
MI,3,Hillary Scholten,D,Safe Democrat,
MI,4,Bill Huizenga,R,Tossup,
MI,5,Tim Walberg,R,Safe Republican,
MI,6,Debbie Dingell,D,Safe Democrat,
MI,7,Tom Barrett,R,Tossup,
MI,8,Kristen Rivet,D,Safe Democrat,
MI,9,Lisa McClain,R,Safe Republican,
MI,10,James,R,Tossup,
NC,1,Don Davis,D,Tossup,
NC,2,Deborah Ross,D,Safe Democrat,
NC,3,Greg Murphy,R,Safe Republican,
NC,4,Valerie Foushee,D,Safe Democrat,
NC,5,Virginia Foxx,R,Safe Republican,
NC,6,Addison McDowell,R,Safe Republican,
NC,7,David Rouzer,R,Safe Republican,
NC,8,Mark Harris,R,Safe Republican,
NC,9,Richard Hudson,R,Safe Republican,
NC,10,Pat Harrigan,R,Safe Republican,
NC,11,Chuck Edwards,R,Tossup,
NC,12,Alma Adams,D,Safe Democrat,
NC,13,Tim Moore,R,Safe Republican,
NV,1,Dina Titus,D,Safe Democrat,
NV,2,Amodei,R,Safe Republican,
NV,3,Susie Lee,D,Safe Democrat,
NV,4,Steven Horsford,D,Safe Democrat,
GA,1,Carter,R,Safe Republican,
GA,2,Sanford Bishop,D,Safe Democrat,
GA,3,Brian Jack,R,Safe Republican,
GA,4,Hank Johnson,D,Safe Democrat,
GA,5,Nikema Williams,D,Safe Democrat,
GA,6,Lucy McBath,D,Safe Democrat,
GA,7,Rich McCormick,R,Safe Republican,
GA,8,Austin Scott,R,Safe Republican,
GA,9,Andrew Clyde,R,Safe Republican,
GA,10,Collins,R,Safe Republican,
GA,11,Loudermilk,R,Safe Republican,
GA,12,Rick Allen,R,Safe Republican,
GA,13,Scott,D,Safe Democrat,
GA,14,Greene,R,Safe Republican,
IL,1,Jonathan Jackson,D,Safe Democrat,
IL,2,Kelly,D,Safe Democrat,
IL,3,Delia Ramirez,D,Safe Democrat,
IL,4,García,D,Safe Democrat,
IL,5,Mike Quigley,D,Safe Democrat,
IL,6,Sean Casten,D,Safe Democrat,
IL,7,Davis,D,Safe Democrat,
IL,8,Raj Krishn.,D,Safe Democrat,
IL,9,Schakowsky,D,Safe Democrat,
IL,10,Brad Schneider,D,Safe Democrat,
IL,11,Bill Foster,D,Safe Democrat,
IL,12,Mike Bost,R,Safe Republican,
IL,13,Nikki Budzinski,D,Safe Democrat,
IL,14,Lauren Underwood,D,Safe Democrat,
IL,15,Mary Miller,R,Safe Republican,
IL,16,Darin LaHood,R,Safe Republican,
IL,17,Eric Sorensen,D,Safe Democrat,
WA,1,Suzan DelBene,D,Safe Democrat,
WA,2,Rick Larsen,D,Safe Democrat,
WA,3,Marie Perez,D,Tossup,
WA,4,Newhouse,R,Safe Republican,
WA,5,Michael Baumgartner,R,Safe Republican,
WA,6,Emily Randall,D,Safe Democrat,
WA,7,Pramila Jayapal,D,Safe Democrat,
WA,8,Kim Schrier,D,Safe Democrat,
WA,9,Adam Smith,D,Safe Democrat,
WA,10,Marilyn Strickland,D,Safe Democrat,
WI,1,Bryan Steil,R,Safe Republican,
WI,2,Mark Pocan,D,Safe Democrat,
WI,3,Derrick Van Orden,R,Tossup,
WI,4,Gwenn Moore,D,Safe Democrat,
WI,5,Scott Fitzgerald,R,Safe Republican,
WI,6,Glenn Grothman,R,Safe Republican,
WI,7,Tiffany,R,Safe Republican,
WI,8,Tony Wied,R,Safe Republican,
MN,1,Brad Finstad,R,Safe Republican,
MN,2,Craig,D,Safe Democrat,
MN,3,Kelly Morrison,D,Safe Democrat,
MN,4,Betty McCollum,D,Safe Democrat,
MN,5,Ilhan Omar,D,Safe Democrat,
MN,6,Tom Emmer,R,Safe Republican,
MN,7,Mischelle Fischbach,R,Safe Republican,
MN,8,Pete Stauber,R,Safe Republican,
NH,1,Pappas,D,Safe Democrat,
NH,2,Maggie Goodlander,D,Safe Democrat,
NJ,1,Donald Norcross,D,Safe Democrat,
NJ,2,Jeff Van Drew,R,Safe Republican,
NJ,3,Herb Conaway,D,Safe Democrat,
NJ,4,Chris Smith,R,Safe Republican,
NJ,5,Josh Gottheimer,D,Safe Democrat,
NJ,6,Frank Pallone,D,Safe Democrat,
NJ,7,Thomas Kean,R,Tossup,
NJ,8,Rob Menendez,D,Safe Democrat,
NJ,9,Nellie Pou,D,Safe Democrat,
NJ,10,LaMonica McIver,D,Safe Democrat,
NJ,11,Sherrill,D,Safe Democrat,
NJ,12,Coleman,D,Safe Democrat,
RI,1,Gabe Amo,D,Safe Democrat,
RI,2,Seth Magaziner,D,Safe Democrat,
MD,1,Andrew P. Harris,R,Safe Republican,
MD,2,Johnny Olszewski,D,Safe Democrat,
MD,3,Sarah Elfreth,D,Safe Democrat,
MD,4,Glenn Ivey,D,Safe Democrat,
MD,5,Hoyer,D,Safe Democrat,
MD,6,April McClain-Delaney,D,Safe Democrat,
MD,7,Kweisi Mfume,D,Safe Democrat,
MD,8,Jamie Raskin,D,Safe Democrat,
DE,0,Sarah McBride,D,Safe Democrat,
CT,1,John Larson,D,Safe Democrat,
CT,2,Joe Courtney,D,Safe Democrat,
CT,3,Rosa DeLauro,D,Safe Democrat,
CT,4,Jim Himes,D,Safe Democrat,
CT,5,Jahana Hayes,D,Safe Democrat,
KS,1,Tracey Mann,R,Safe Republican,
KS,2,Derek Schmidt,R,Safe Republican,
KS,3,Sharice Davids,D,Safe Democrat,
NE,1,Mike Flood,R,Safe Republican,
NE,3,Adrian Smith,R,Safe Republican,
IA,1,Mariannette Miller-Meeks,R,Safe Republican,
IA,2,Hinson,R,Safe Republican,
IA,3,Zach Nunn,R,Safe Republican,
KY,1,James Comer,R,Safe Republican,
KY,2,Brett Guthrie,R,Safe Republican,
KY,3,Morgan McGarvey,D,Safe Democrat,
KY,4,Thomas Massie,R,Safe Republican,
KY,5,Hal Rogers,R,Safe Republican,
OK,1,Hern,R,Safe Republican,
OK,2,Josh Brecheen,R,Safe Republican,
OK,3,Frank Lucas,R,Safe Republican,
OK,4,Tom Cole,R,Safe Republican,
OK,5,Stephanie Bice,R,Safe Republican,
WV,1,Carol Miller,R,Safe Republican,
WV,2,Riley Moore,R,Safe Republican,
ND,0,Julie Fedorchak,R,Safe Republican,
AK,0,Nick Begich,R,Safe Republican,
UT,1,Moore,R,Safe Democrat,
UT,2,Celeste Maloy,R,Safe Republican,
UT,3,Mike Kennedy,R,Safe Republican,
UT,4,Burgess Owens,R,Safe Republican,
VT,0,Becca Balint,D,Safe Democrat,
HI,1,Ed Case,D,Safe Democrat,
HI,2,Jill Tokuda,D,Safe Democrat,
ME,1,Chellie Pingree,D,Safe Democrat,
ME,2,Golden,D,Likely Republican,
AR,1,Rick Crawford,R,Safe Republican,
AR,2,French Hill,R,Safe Republican,
AR,3,Steve Womack,R,Safe Republican,
AR,4,Bruce Westerman,R,Safe Republican,
LA,1,Steve Scalise,R,Safe Republican,
LA,2,Troy Carter,D,Safe Democrat,
LA,3,Clay Higgins,R,Safe Republican,
LA,4,Mike Johnson,R,Safe Republican,
LA,5,Letlow,R,Safe Republican,
LA,6,Cleo Fields,D,Safe Democrat,
MS,1,Trent Kelly,R,Safe Republican,
MS,2,Bennie Thompson,D,Safe Democrat,
MS,3,Michael Guest,R,Safe Republican,
MS,4,Mike Ezell,R,Safe Republican,
SC,1,Mace,R,Tossup,
SC,2,Joe Wilson,R,Safe Republican,
SC,3,Sheri Biggs,R,Safe Republican,
SC,4,William Timmons,R,Safe Republican,
SC,5,Norman,R,Safe Republican,
SC,6,Jim Clyburn,D,Safe Democrat,
SC,7,Russell Fry,R,Safe Republican,
TN,1,Diana Harshbarger,R,Safe Republican,
TN,2,Tim Burchett,R,Safe Republican,
TN,3,Chuck Fleischmann,R,Safe Republican,
TN,4,Scott DesJarlais,R,Safe Republican,
TN,5,Andy Ogles,R,Safe Republican,
TN,6,,R,Safe Republican,
TN,7,Mark Green,R,Safe Republican,
TN,8,David Kustoff,R,Safe Republican,
TN,9,Cohen,D,Safe Democrat,
VA,1,Rob Wittman,R,Safe Republican,
VA,2,Jennifer Kiggans,R,Tossup,
VA,3,Bobby Scott,D,Safe Democrat,
VA,4,Jennifer McClellan,D,Safe Democrat,
VA,5,Eugene Vindman,D,Safe Democrat,
VA,6,Ben Cline,R,Safe Republican,
VA,7,Abigail Spanberger,D,Safe Democrat,
